id,Country,Continent,fhs,gov,Capital,pnr,Topography,Climate,le,imr,pcod,GDPPC,cer,bmi,gdpg,ii,cpi,hioef,lr,Religions,Languages,Population,
id_name_0,Country_name_0,Continent_name_0,fhs_name_0,gov_name_0,Capital_name_0,pnr_name_0,Topography_name_0,Climate_name_0,le_name_0,imr_name_0,pcod_name_0,GDPPC_name_0,cer_name_0,bmi_name_0,gdpg_name_0,ii_name_0,cpi_name_0,hioef_name_0,lr_name_0,Religions_name_0,Languages_name_0,Population_name_0
id_name_1,Country_name_1,Continent_name_1,fhs_name_1,gov_name_1,Capital_name_1,pnr_name_1,Topography_name_1,Climate_name_1,le_name_1,imr_name_1,pcod_name_1,GDPPC_name_1,cer_name_1,bmi_name_1,gdpg_name_1,ii_name_1,cpi_name_1,hioef_name_1,lr_name_1,Religions_name_1,Languages_name_1,Population_name_1
id_name_2,Country_name_2,Continent_name_2,fhs_name_2,gov_name_2,Capital_name_2,pnr_name_2,Topography_name_2,Climate_name_2,le_name_2,imr_name_2,pcod_name_2,GDPPC_name_2,cer_name_2,bmi_name_2,gdpg_name_2,ii_name_2,cpi_name_2,hioef_name_2,lr_name_2,Religions_name_2,Languages_name_2,Population_name_2
id_name_3,Country_name_3,Continent_name_3,fhs_name_3,gov_name_3,Capital_name_3,pnr_name_3,Topography_name_3,Climate_name_3,le_name_3,imr_name_3,pcod_name_3,GDPPC_name_3,cer_name_3,bmi_name_3,gdpg_name_3,ii_name_3,cpi_name_3,hioef_name_3,lr_name_3,Religions_name_3,Languages_name_3,Population_name_3
id_name_4,Country_name_4,Continent_name_4,fhs_name_4,gov_name_4,Capital_name_4,pnr_name_4,Topography_name_4,Climate_name_4,le_name_4,imr_name_4,pcod_name_4,GDPPC_name_4,cer_name_4,bmi_name_4,gdpg_name_4,ii_name_4,cpi_name_4,hioef_name_4,lr_name_4,Religions_name_4,Languages_name_4,Population_name_4
id_name_5,Country_name_5,Continent_name_5,fhs_name_5,gov_name_5,Capital_name_5,pnr_name_5,Topography_name_5,Climate_name_5,le_name_5,imr_name_5,pcod_name_5,GDPPC_name_5,cer_name_5,bmi_name_5,gdpg_name_5,ii_name_5,cpi_name_5,hioef_name_5,lr_name_5,Religions_name_5,Languages_name_5,Population_name_5
id_name_6,Country_name_6,Continent_name_6,fhs_name_6,gov_name_6,Capital_name_6,pnr_name_6,Topography_name_6,Climate_name_6,le_name_6,imr_name_6,pcod_name_6,GDPPC_name_6,cer_name_6,bmi_name_6,gdpg_name_6,ii_name_6,cpi_name_6,hioef_name_6,lr_name_6,Religions_name_6,Languages_name_6,Population_name_6
id_name_7,Country_name_7,Continent_name_7,fhs_name_7,gov_name_7,Capital_name_7,pnr_name_7,Topography_name_7,Climate_name_7,le_name_7,imr_name_7,pcod_name_7,GDPPC_name_7,cer_name_7,bmi_name_7,gdpg_name_7,ii_name_7,cpi_name_7,hioef_name_7,lr_name_7,Religions_name_7,Languages_name_7,Population_name_7
id_name_8,Country_name_8,Continent_name_8,fhs_name_8,gov_name_8,Capital_name_8,pnr_name_8,Topography_name_8,Climate_name_8,le_name_8,imr_name_8,pcod_name_8,GDPPC_name_8,cer_name_8,bmi_name_8,gdpg_name_8,ii_name_8,cpi_name_8,hioef_name_8,lr_name_8,Religions_name_8,Languages_name_8,Population_name_8
id_name_9,Country_name_9,Continent_name_9,fhs_name_9,gov_name_9,Capital_name_9,pnr_name_9,Topography_name_9,Climate_name_9,le_name_9,imr_name_9,pcod_name_9,GDPPC_name_9,cer_name_9,bmi_name_9,gdpg_name_9,ii_name_9,cpi_name_9,hioef_name_9,lr_name_9,Religions_name_9,Languages_name_9,Population_name_9
id_name_10,Country_name_10,Continent_name_10,fhs_name_10,gov_name_10,Capital_name_10,pnr_name_10,Topography_name_10,Climate_name_10,le_name_10,imr_name_10,pcod_name_10,GDPPC_name_10,cer_name_10,bmi_name_10,gdpg_name_10,ii_name_10,cpi_name_10,hioef_name_10,lr_name_10,Religions_name_10,Languages_name_10,Population_name_10
id_name_11,Country_name_11,Continent_name_11,fhs_name_11,gov_name_11,Capital_name_11,pnr_name_11,Topography_name_11,Climate_name_11,le_name_11,imr_name_11,pcod_name_11,GDPPC_name_11,cer_name_11,bmi_name_11,gdpg_name_11,ii_name_11,cpi_name_11,hioef_name_11,lr_name_11,Religions_name_11,Languages_name_11,Population_name_11
id_name_12,Country_name_12,Continent_name_12,fhs_name_12,gov_name_12,Capital_name_12,pnr_name_12,Topography_name_12,Climate_name_12,le_name_12,imr_name_12,pcod_name_12,GDPPC_name_12,cer_name_12,bmi_name_12,gdpg_name_12,ii_name_12,cpi_name_12,hioef_name_12,lr_name_12,Religions_name_12,Languages_name_12,Population_name_12
id_name_13,Country_name_13,Continent_name_13,fhs_name_13,gov_name_13,Capital_name_13,pnr_name_13,Topography_name_13,Climate_name_13,le_name_13,imr_name_13,pcod_name_13,GDPPC_name_13,cer_name_13,bmi_name_13,gdpg_name_13,ii_name_13,cpi_name_13,hioef_name_13,lr_name_13,Religions_name_13,Languages_name_13,Population_name_13
id_name_14,Country_name_14,Continent_name_14,fhs_name_14,gov_name_14,Capital_name_14,pnr_name_14,Topography_name_14,Climate_name_14,le_name_14,imr_name_14,pcod_name_14,GDPPC_name_14,cer_name_14,bmi_name_14,gdpg_name_14,ii_name_14,cpi_name_14,hioef_name_14,lr_name_14,Religions_name_14,Languages_name_14,Population_name_14
id_name_15,Country_name_15,Continent_name_15,fhs_name_15,gov_name_15,Capital_name_15,pnr_name_15,Topography_name_15,Climate_name_15,le_name_15,imr_name_15,pcod_name_15,GDPPC_name_15,cer_name_15,bmi_name_15,gdpg_name_15,ii_name_15,cpi_name_15,hioef_name_15,lr_name_15,Religions_name_15,Languages_name_15,Population_name_15
id_name_16,Country_name_16,Continent_name_16,fhs_name_16,gov_name_16,Capital_name_16,pnr_name_16,Topography_name_16,Climate_name_16,le_name_16,imr_name_16,pcod_name_16,GDPPC_name_16,cer_name_16,bmi_name_16,gdpg_name_16,ii_name_16,cpi_name_16,hioef_name_16,lr_name_16,Religions_name_16,Languages_name_16,Population_name_16
id_name_17,Country_name_17,Continent_name_17,fhs_name_17,gov_name_17,Capital_name_17,pnr_name_17,Topography_name_17,Climate_name_17,le_name_17,imr_name_17,pcod_name_17,GDPPC_name_17,cer_name_17,bmi_name_17,gdpg_name_17,ii_name_17,cpi_name_17,hioef_name_17,lr_name_17,Religions_name_17,Languages_name_17,Population_name_17
id_name_18,Country_name_18,Continent_name_18,fhs_name_18,gov_name_18,Capital_name_18,pnr_name_18,Topography_name_18,Climate_name_18,le_name_18,imr_name_18,pcod_name_18,GDPPC_name_18,cer_name_18,bmi_name_18,gdpg_name_18,ii_name_18,cpi_name_18,hioef_name_18,lr_name_18,Religions_name_18,Languages_name_18,Population_name_18
id_name_19,Country_name_19,Continent_name_19,fhs_name_19,gov_name_19,Capital_name_19,pnr_name_19,Topography_name_19,Climate_name_19,le_name_19,imr_name_19,pcod_name_19,GDPPC_name_19,cer_name_19,bmi_name_19,gdpg_name_19,ii_name_19,cpi_name_19,hioef_name_19,lr_name_19,Religions_name_19,Languages_name_19,Population_name_19
id_name_20,Country_name_20,Continent_name_20,fhs_name_20,gov_name_20,Capital_name_20,pnr_name_20,Topography_name_20,Climate_name_20,le_name_20,imr_name_20,pcod_name_20,GDPPC_name_20,cer_name_20,bmi_name_20,gdpg_name_20,ii_name_20,cpi_name_20,hioef_name_20,lr_name_20,Religions_name_20,Languages_name_20,Population_name_20
id_name_21,Country_name_21,Continent_name_21,fhs_name_21,gov_name_21,Capital_name_21,pnr_name_21,Topography_name_21,Climate_name_21,le_name_21,imr_name_21,pcod_name_21,GDPPC_name_21,cer_name_21,bmi_name_21,gdpg_name_21,ii_name_21,cpi_name_21,hioef_name_21,lr_name_21,Religions_name_21,Languages_name_21,Population_name_21
id_name_22,Country_name_22,Continent_name_22,fhs_name_22,gov_name_22,Capital_name_22,pnr_name_22,Topography_name_22,Climate_name_22,le_name_22,imr_name_22,pcod_name_22,GDPPC_name_22,cer_name_22,bmi_name_22,gdpg_name_22,ii_name_22,cpi_name_22,hioef_name_22,lr_name_22,Religions_name_22,Languages_name_22,Population_name_22
id_name_23,Country_name_23,Continent_name_23,fhs_name_23,gov_name_23,Capital_name_23,pnr_name_23,Topography_name_23,Climate_name_23,le_name_23,imr_name_23,pcod_name_23,GDPPC_name_23,cer_name_23,bmi_name_23,gdpg_name_23,ii_name_23,cpi_name_23,hioef_name_23,lr_name_23,Religions_name_23,Languages_name_23,Population_name_23
id_name_24,Country_name_24,Continent_name_24,fhs_name_24,gov_name_24,Capital_name_24,pnr_name_24,Topography_name_24,Climate_name_24,le_name_24,imr_name_24,pcod_name_24,GDPPC_name_24,cer_name_24,bmi_name_24,gdpg_name_24,ii_name_24,cpi_name_24,hioef_name_24,lr_name_24,Religions_name_24,Languages_name_24,Population_name_24
id_name_25,Country_name_25,Continent_name_25,fhs_name_25,gov_name_25,Capital_name_25,pnr_name_25,Topography_name_25,Climate_name_25,le_name_25,imr_name_25,pcod_name_25,GDPPC_name_25,cer_name_25,bmi_name_25,gdpg_name_25,ii_name_25,cpi_name_25,hioef_name_25,lr_name_25,Religions_name_25,Languages_name_25,Population_name_25
id_name_26,Country_name_26,Continent_name_26,fhs_name_26,gov_name_26,Capital_name_26,pnr_name_26,Topography_name_26,Climate_name_26,le_name_26,imr_name_26,pcod_name_26,GDPPC_name_26,cer_name_26,bmi_name_26,gdpg_name_26,ii_name_26,cpi_name_26,hioef_name_26,lr_name_26,Religions_name_26,Languages_name_26,Population_name_26
id_name_27,Country_name_27,Continent_name_27,fhs_name_27,gov_name_27,Capital_name_27,pnr_name_27,Topography_name_27,Climate_name_27,le_name_27,imr_name_27,pcod_name_27,GDPPC_name_27,cer_name_27,bmi_name_27,gdpg_name_27,ii_name_27,cpi_name_27,hioef_name_27,lr_name_27,Religions_name_27,Languages_name_27,Population_name_27
id_name_28,Country_name_28,Continent_name_28,fhs_name_28,gov_name_28,Capital_name_28,pnr_name_28,Topography_name_28,Climate_name_28,le_name_28,imr_name_28,pcod_name_28,GDPPC_name_28,cer_name_28,bmi_name_28,gdpg_name_28,ii_name_28,cpi_name_28,hioef_name_28,lr_name_28,Religions_name_28,Languages_name_28,Population_name_28
id_name_29,Country_name_29,Continent_name_29,fhs_name_29,gov_name_29,Capital_name_29,pnr_name_29,Topography_name_29,Climate_name_29,le_name_29,imr_name_29,pcod_name_29,GDPPC_name_29,cer_name_29,bmi_name_29,gdpg_name_29,ii_name_29,cpi_name_29,hioef_name_29,lr_name_29,Religions_name_29,Languages_name_29,Population_name_29
id_name_30,Country_name_30,Continent_name_30,fhs_name_30,gov_name_30,Capital_name_30,pnr_name_30,Topography_name_30,Climate_name_30,le_name_30,imr_name_30,pcod_name_30,GDPPC_name_30,cer_name_30,bmi_name_30,gdpg_name_30,ii_name_30,cpi_name_30,hioef_name_30,lr_name_30,Religions_name_30,Languages_name_30,Population_name_30
id_name_31,Country_name_31,Continent_name_31,fhs_name_31,gov_name_31,Capital_name_31,pnr_name_31,Topography_name_31,Climate_name_31,le_name_31,imr_name_31,pcod_name_31,GDPPC_name_31,cer_name_31,bmi_name_31,gdpg_name_31,ii_name_31,cpi_name_31,hioef_name_31,lr_name_31,Religions_name_31,Languages_name_31,Population_name_31
id_name_32,Country_name_32,Continent_name_32,fhs_name_32,gov_name_32,Capital_name_32,pnr_name_32,Topography_name_32,Climate_name_32,le_name_32,imr_name_32,pcod_name_32,GDPPC_name_32,cer_name_32,bmi_name_32,gdpg_name_32,ii_name_32,cpi_name_32,hioef_name_32,lr_name_32,Religions_name_32,Languages_name_32,Population_name_32
id_name_33,Country_name_33,Continent_name_33,fhs_name_33,gov_name_33,Capital_name_33,pnr_name_33,Topography_name_33,Climate_name_33,le_name_33,imr_name_33,pcod_name_33,GDPPC_name_33,cer_name_33,bmi_name_33,gdpg_name_33,ii_name_33,cpi_name_33,hioef_name_33,lr_name_33,Religions_name_33,Languages_name_33,Population_name_33
id_name_34,Country_name_34,Continent_name_34,fhs_name_34,gov_name_34,Capital_name_34,pnr_name_34,Topography_name_34,Climate_name_34,le_name_34,imr_name_34,pcod_name_34,GDPPC_name_34,cer_name_34,bmi_name_34,gdpg_name_34,ii_name_34,cpi_name_34,hioef_name_34,lr_name_34,Religions_name_34,Languages_name_34,Population_name_34
id_name_35,Country_name_35,Continent_name_35,fhs_name_35,gov_name_35,Capital_name_35,pnr_name_35,Topography_name_35,Climate_name_35,le_name_35,imr_name_35,pcod_name_35,GDPPC_name_35,cer_name_35,bmi_name_35,gdpg_name_35,ii_name_35,cpi_name_35,hioef_name_35,lr_name_35,Religions_name_35,Languages_name_35,Population_name_35
id_name_36,Country_name_36,Continent_name_36,fhs_name_36,gov_name_36,Capital_name_36,pnr_name_36,Topography_name_36,Climate_name_36,le_name_36,imr_name_36,pcod_name_36,GDPPC_name_36,cer_name_36,bmi_name_36,gdpg_name_36,ii_name_36,cpi_name_36,hioef_name_36,lr_name_36,Religions_name_36,Languages_name_36,Population_name_36
id_name_37,Country_name_37,Continent_name_37,fhs_name_37,gov_name_37,Capital_name_37,pnr_name_37,Topography_name_37,Climate_name_37,le_name_37,imr_name_37,pcod_name_37,GDPPC_name_37,cer_name_37,bmi_name_37,gdpg_name_37,ii_name_37,cpi_name_37,hioef_name_37,lr_name_37,Religions_name_37,Languages_name_37,Population_name_37
id_name_38,Country_name_38,Continent_name_38,fhs_name_38,gov_name_38,Capital_name_38,pnr_name_38,Topography_name_38,Climate_name_38,le_name_38,imr_name_38,pcod_name_38,GDPPC_name_38,cer_name_38,bmi_name_38,gdpg_name_38,ii_name_38,cpi_name_38,hioef_name_38,lr_name_38,Religions_name_38,Languages_name_38,Population_name_38
id_name_39,Country_name_39,Continent_name_39,fhs_name_39,gov_name_39,Capital_name_39,pnr_name_39,Topography_name_39,Climate_name_39,le_name_39,imr_name_39,pcod_name_39,GDPPC_name_39,cer_name_39,bmi_name_39,gdpg_name_39,ii_name_39,cpi_name_39,hioef_name_39,lr_name_39,Religions_name_39,Languages_name_39,Population_name_39
id_name_40,Country_name_40,Continent_name_40,fhs_name_40,gov_name_40,Capital_name_40,pnr_name_40,Topography_name_40,Climate_name_40,le_name_40,imr_name_40,pcod_name_40,GDPPC_name_40,cer_name_40,bmi_name_40,gdpg_name_40,ii_name_40,cpi_name_40,hioef_name_40,lr_name_40,Religions_name_40,Languages_name_40,Population_name_40
id_name_41,Country_name_41,Continent_name_41,fhs_name_41,gov_name_41,Capital_name_41,pnr_name_41,Topography_name_41,Climate_name_41,le_name_41,imr_name_41,pcod_name_41,GDPPC_name_41,cer_name_41,bmi_name_41,gdpg_name_41,ii_name_41,cpi_name_41,hioef_name_41,lr_name_41,Religions_name_41,Languages_name_41,Population_name_41
id_name_42,Country_name_42,Continent_name_42,fhs_name_42,gov_name_42,Capital_name_42,pnr_name_42,Topography_name_42,Climate_name_42,le_name_42,imr_name_42,pcod_name_42,GDPPC_name_42,cer_name_42,bmi_name_42,gdpg_name_42,ii_name_42,cpi_name_42,hioef_name_42,lr_name_42,Religions_name_42,Languages_name_42,Population_name_42
id_name_43,Country_name_43,Continent_name_43,fhs_name_43,gov_name_43,Capital_name_43,pnr_name_43,Topography_name_43,Climate_name_43,le_name_43,imr_name_43,pcod_name_43,GDPPC_name_43,cer_name_43,bmi_name_43,gdpg_name_43,ii_name_43,cpi_name_43,hioef_name_43,lr_name_43,Religions_name_43,Languages_name_43,Population_name_43
id_name_44,Country_name_44,Continent_name_44,fhs_name_44,gov_name_44,Capital_name_44,pnr_name_44,Topography_name_44,Climate_name_44,le_name_44,imr_name_44,pcod_name_44,GDPPC_name_44,cer_name_44,bmi_name_44,gdpg_name_44,ii_name_44,cpi_name_44,hioef_name_44,lr_name_44,Religions_name_44,Languages_name_44,Population_name_44
id_name_45,Country_name_45,Continent_name_45,fhs_name_45,gov_name_45,Capital_name_45,pnr_name_45,Topography_name_45,Climate_name_45,le_name_45,imr_name_45,pcod_name_45,GDPPC_name_45,cer_name_45,bmi_name_45,gdpg_name_45,ii_name_45,cpi_name_45,hioef_name_45,lr_name_45,Religions_name_45,Languages_name_45,Population_name_45
id_name_46,Country_name_46,Continent_name_46,fhs_name_46,gov_name_46,Capital_name_46,pnr_name_46,Topography_name_46,Climate_name_46,le_name_46,imr_name_46,pcod_name_46,GDPPC_name_46,cer_name_46,bmi_name_46,gdpg_name_46,ii_name_46,cpi_name_46,hioef_name_46,lr_name_46,Religions_name_46,Languages_name_46,Population_name_46
id_name_47,Country_name_47,Continent_name_47,fhs_name_47,gov_name_47,Capital_name_47,pnr_name_47,Topography_name_47,Climate_name_47,le_name_47,imr_name_47,pcod_name_47,GDPPC_name_47,cer_name_47,bmi_name_47,gdpg_name_47,ii_name_47,cpi_name_47,hioef_name_47,lr_name_47,Religions_name_47,Languages_name_47,Population_name_47
id_name_48,Country_name_48,Continent_name_48,fhs_name_48,gov_name_48,Capital_name_48,pnr_name_48,Topography_name_48,Climate_name_48,le_name_48,imr_name_48,pcod_name_48,GDPPC_name_48,cer_name_48,bmi_name_48,gdpg_name_48,ii_name_48,cpi_name_48,hioef_name_48,lr_name_48,Religions_name_48,Languages_name_48,Population_name_48
id_name_49,Country_name_49,Continent_name_49,fhs_name_49,gov_name_49,Capital_name_49,pnr_name_49,Topography_name_49,Climate_name_49,le_name_49,imr_name_49,pcod_name_49,GDPPC_name_49,cer_name_49,bmi_name_49,gdpg_name_49,ii_name_49,cpi_name_49,hioef_name_49,lr_name_49,Religions_name_49,Languages_name_49,Population_name_49
id_name_50,Country_name_50,Continent_name_50,fhs_name_50,gov_name_50,Capital_name_50,pnr_name_50,Topography_name_50,Climate_name_50,le_name_50,imr_name_50,pcod_name_50,GDPPC_name_50,cer_name_50,bmi_name_50,gdpg_name_50,ii_name_50,cpi_name_50,hioef_name_50,lr_name_50,Religions_name_50,Languages_name_50,Population_name_50
id_name_51,Country_name_51,Continent_name_51,fhs_name_51,gov_name_51,Capital_name_51,pnr_name_51,Topography_name_51,Climate_name_51,le_name_51,imr_name_51,pcod_name_51,GDPPC_name_51,cer_name_51,bmi_name_51,gdpg_name_51,ii_name_51,cpi_name_51,hioef_name_51,lr_name_51,Religions_name_51,Languages_name_51,Population_name_51
id_name_52,Country_name_52,Continent_name_52,fhs_name_52,gov_name_52,Capital_name_52,pnr_name_52,Topography_name_52,Climate_name_52,le_name_52,imr_name_52,pcod_name_52,GDPPC_name_52,cer_name_52,bmi_name_52,gdpg_name_52,ii_name_52,cpi_name_52,hioef_name_52,lr_name_52,Religions_name_52,Languages_name_52,Population_name_52
id_name_53,Country_name_53,Continent_name_53,fhs_name_53,gov_name_53,Capital_name_53,pnr_name_53,Topography_name_53,Climate_name_53,le_name_53,imr_name_53,pcod_name_53,GDPPC_name_53,cer_name_53,bmi_name_53,gdpg_name_53,ii_name_53,cpi_name_53,hioef_name_53,lr_name_53,Religions_name_53,Languages_name_53,Population_name_53
id_name_54,Country_name_54,Continent_name_54,fhs_name_54,gov_name_54,Capital_name_54,pnr_name_54,Topography_name_54,Climate_name_54,le_name_54,imr_name_54,pcod_name_54,GDPPC_name_54,cer_name_54,bmi_name_54,gdpg_name_54,ii_name_54,cpi_name_54,hioef_name_54,lr_name_54,Religions_name_54,Languages_name_54,Population_name_54
id_name_55,Country_name_55,Continent_name_55,fhs_name_55,gov_name_55,Capital_name_55,pnr_name_55,Topography_name_55,Climate_name_55,le_name_55,imr_name_55,pcod_name_55,GDPPC_name_55,cer_name_55,bmi_name_55,gdpg_name_55,ii_name_55,cpi_name_55,hioef_name_55,lr_name_55,Religions_name_55,Languages_name_55,Population_name_55
id_name_56,Country_name_56,Continent_name_56,fhs_name_56,gov_name_56,Capital_name_56,pnr_name_56,Topography_name_56,Climate_name_56,le_name_56,imr_name_56,pcod_name_56,GDPPC_name_56,cer_name_56,bmi_name_56,gdpg_name_56,ii_name_56,cpi_name_56,hioef_name_56,lr_name_56,Religions_name_56,Languages_name_56,Population_name_56
id_name_57,Country_name_57,Continent_name_57,fhs_name_57,gov_name_57,Capital_name_57,pnr_name_57,Topography_name_57,Climate_name_57,le_name_57,imr_name_57,pcod_name_57,GDPPC_name_57,cer_name_57,bmi_name_57,gdpg_name_57,ii_name_57,cpi_name_57,hioef_name_57,lr_name_57,Religions_name_57,Languages_name_57,Population_name_57
id_name_58,Country_name_58,Continent_name_58,fhs_name_58,gov_name_58,Capital_name_58,pnr_name_58,Topography_name_58,Climate_name_58,le_name_58,imr_name_58,pcod_name_58,GDPPC_name_58,cer_name_58,bmi_name_58,gdpg_name_58,ii_name_58,cpi_name_58,hioef_name_58,lr_name_58,Religions_name_58,Languages_name_58,Population_name_58
id_name_59,Country_name_59,Continent_name_59,fhs_name_59,gov_name_59,Capital_name_59,pnr_name_59,Topography_name_59,Climate_name_59,le_name_59,imr_name_59,pcod_name_59,GDPPC_name_59,cer_name_59,bmi_name_59,gdpg_name_59,ii_name_59,cpi_name_59,hioef_name_59,lr_name_59,Religions_name_59,Languages_name_59,Population_name_59
id_name_60,Country_name_60,Continent_name_60,fhs_name_60,gov_name_60,Capital_name_60,pnr_name_60,Topography_name_60,Climate_name_60,le_name_60,imr_name_60,pcod_name_60,GDPPC_name_60,cer_name_60,bmi_name_60,gdpg_name_60,ii_name_60,cpi_name_60,hioef_name_60,lr_name_60,Religions_name_60,Languages_name_60,Population_name_60
id_name_61,Country_name_61,Continent_name_61,fhs_name_61,gov_name_61,Capital_name_61,pnr_name_61,Topography_name_61,Climate_name_61,le_name_61,imr_name_61,pcod_name_61,GDPPC_name_61,cer_name_61,bmi_name_61,gdpg_name_61,ii_name_61,cpi_name_61,hioef_name_61,lr_name_61,Religions_name_61,Languages_name_61,Population_name_61
id_name_62,Country_name_62,Continent_name_62,fhs_name_62,gov_name_62,Capital_name_62,pnr_name_62,Topography_name_62,Climate_name_62,le_name_62,imr_name_62,pcod_name_62,GDPPC_name_62,cer_name_62,bmi_name_62,gdpg_name_62,ii_name_62,cpi_name_62,hioef_name_62,lr_name_62,Religions_name_62,Languages_name_62,Population_name_62
id_name_63,Country_name_63,Continent_name_63,fhs_name_63,gov_name_63,Capital_name_63,pnr_name_63,Topography_name_63,Climate_name_63,le_name_63,imr_name_63,pcod_name_63,GDPPC_name_63,cer_name_63,bmi_name_63,gdpg_name_63,ii_name_63,cpi_name_63,hioef_name_63,lr_name_63,Religions_name_63,Languages_name_63,Population_name_63
id_name_64,Country_name_64,Continent_name_64,fhs_name_64,gov_name_64,Capital_name_64,pnr_name_64,Topography_name_64,Climate_name_64,le_name_64,imr_name_64,pcod_name_64,GDPPC_name_64,cer_name_64,bmi_name_64,gdpg_name_64,ii_name_64,cpi_name_64,hioef_name_64,lr_name_64,Religions_name_64,Languages_name_64,Population_name_64
id_name_65,Country_name_65,Continent_name_65,fhs_name_65,gov_name_65,Capital_name_65,pnr_name_65,Topography_name_65,Climate_name_65,le_name_65,imr_name_65,pcod_name_65,GDPPC_name_65,cer_name_65,bmi_name_65,gdpg_name_65,ii_name_65,cpi_name_65,hioef_name_65,lr_name_65,Religions_name_65,Languages_name_65,Population_name_65
id_name_66,Country_name_66,Continent_name_66,fhs_name_66,gov_name_66,Capital_name_66,pnr_name_66,Topography_name_66,Climate_name_66,le_name_66,imr_name_66,pcod_name_66,GDPPC_name_66,cer_name_66,bmi_name_66,gdpg_name_66,ii_name_66,cpi_name_66,hioef_name_66,lr_name_66,Religions_name_66,Languages_name_66,Population_name_66
id_name_67,Country_name_67,Continent_name_67,fhs_name_67,gov_name_67,Capital_name_67,pnr_name_67,Topography_name_67,Climate_name_67,le_name_67,imr_name_67,pcod_name_67,GDPPC_name_67,cer_name_67,bmi_name_67,gdpg_name_67,ii_name_67,cpi_name_67,hioef_name_67,lr_name_67,Religions_name_67,Languages_name_67,Population_name_67
id_name_68,Country_name_68,Continent_name_68,fhs_name_68,gov_name_68,Capital_name_68,pnr_name_68,Topography_name_68,Climate_name_68,le_name_68,imr_name_68,pcod_name_68,GDPPC_name_68,cer_name_68,bmi_name_68,gdpg_name_68,ii_name_68,cpi_name_68,hioef_name_68,lr_name_68,Religions_name_68,Languages_name_68,Population_name_68
id_name_69,Country_name_69,Continent_name_69,fhs_name_69,gov_name_69,Capital_name_69,pnr_name_69,Topography_name_69,Climate_name_69,le_name_69,imr_name_69,pcod_name_69,GDPPC_name_69,cer_name_69,bmi_name_69,gdpg_name_69,ii_name_69,cpi_name_69,hioef_name_69,lr_name_69,Religions_name_69,Languages_name_69,Population_name_69
id_name_70,Country_name_70,Continent_name_70,fhs_name_70,gov_name_70,Capital_name_70,pnr_name_70,Topography_name_70,Climate_name_70,le_name_70,imr_name_70,pcod_name_70,GDPPC_name_70,cer_name_70,bmi_name_70,gdpg_name_70,ii_name_70,cpi_name_70,hioef_name_70,lr_name_70,Religions_name_70,Languages_name_70,Population_name_70
id_name_71,Country_name_71,Continent_name_71,fhs_name_71,gov_name_71,Capital_name_71,pnr_name_71,Topography_name_71,Climate_name_71,le_name_71,imr_name_71,pcod_name_71,GDPPC_name_71,cer_name_71,bmi_name_71,gdpg_name_71,ii_name_71,cpi_name_71,hioef_name_71,lr_name_71,Religions_name_71,Languages_name_71,Population_name_71
id_name_72,Country_name_72,Continent_name_72,fhs_name_72,gov_name_72,Capital_name_72,pnr_name_72,Topography_name_72,Climate_name_72,le_name_72,imr_name_72,pcod_name_72,GDPPC_name_72,cer_name_72,bmi_name_72,gdpg_name_72,ii_name_72,cpi_name_72,hioef_name_72,lr_name_72,Religions_name_72,Languages_name_72,Population_name_72
id_name_73,Country_name_73,Continent_name_73,fhs_name_73,gov_name_73,Capital_name_73,pnr_name_73,Topography_name_73,Climate_name_73,le_name_73,imr_name_73,pcod_name_73,GDPPC_name_73,cer_name_73,bmi_name_73,gdpg_name_73,ii_name_73,cpi_name_73,hioef_name_73,lr_name_73,Religions_name_73,Languages_name_73,Population_name_73
id_name_74,Country_name_74,Continent_name_74,fhs_name_74,gov_name_74,Capital_name_74,pnr_name_74,Topography_name_74,Climate_name_74,le_name_74,imr_name_74,pcod_name_74,GDPPC_name_74,cer_name_74,bmi_name_74,gdpg_name_74,ii_name_74,cpi_name_74,hioef_name_74,lr_name_74,Religions_name_74,Languages_name_74,Population_name_74
id_name_75,Country_name_75,Continent_name_75,fhs_name_75,gov_name_75,Capital_name_75,pnr_name_75,Topography_name_75,Climate_name_75,le_name_75,imr_name_75,pcod_name_75,GDPPC_name_75,cer_name_75,bmi_name_75,gdpg_name_75,ii_name_75,cpi_name_75,hioef_name_75,lr_name_75,Religions_name_75,Languages_name_75,Population_name_75
id_name_76,Country_name_76,Continent_name_76,fhs_name_76,gov_name_76,Capital_name_76,pnr_name_76,Topography_name_76,Climate_name_76,le_name_76,imr_name_76,pcod_name_76,GDPPC_name_76,cer_name_76,bmi_name_76,gdpg_name_76,ii_name_76,cpi_name_76,hioef_name_76,lr_name_76,Religions_name_76,Languages_name_76,Population_name_76
id_name_77,Country_name_77,Continent_name_77,fhs_name_77,gov_name_77,Capital_name_77,pnr_name_77,Topography_name_77,Climate_name_77,le_name_77,imr_name_77,pcod_name_77,GDPPC_name_77,cer_name_77,bmi_name_77,gdpg_name_77,ii_name_77,cpi_name_77,hioef_name_77,lr_name_77,Religions_name_77,Languages_name_77,Population_name_77
id_name_78,Country_name_78,Continent_name_78,fhs_name_78,gov_name_78,Capital_name_78,pnr_name_78,Topography_name_78,Climate_name_78,le_name_78,imr_name_78,pcod_name_78,GDPPC_name_78,cer_name_78,bmi_name_78,gdpg_name_78,ii_name_78,cpi_name_78,hioef_name_78,lr_name_78,Religions_name_78,Languages_name_78,Population_name_78
id_name_79,Country_name_79,Continent_name_79,fhs_name_79,gov_name_79,Capital_name_79,pnr_name_79,Topography_name_79,Climate_name_79,le_name_79,imr_name_79,pcod_name_79,GDPPC_name_79,cer_name_79,bmi_name_79,gdpg_name_79,ii_name_79,cpi_name_79,hioef_name_79,lr_name_79,Religions_name_79,Languages_name_79,Population_name_79
id_name_80,Country_name_80,Continent_name_80,fhs_name_80,gov_name_80,Capital_name_80,pnr_name_80,Topography_name_80,Climate_name_80,le_name_80,imr_name_80,pcod_name_80,GDPPC_name_80,cer_name_80,bmi_name_80,gdpg_name_80,ii_name_80,cpi_name_80,hioef_name_80,lr_name_80,Religions_name_80,Languages_name_80,Population_name_80
id_name_81,Country_name_81,Continent_name_81,fhs_name_81,gov_name_81,Capital_name_81,pnr_name_81,Topography_name_81,Climate_name_81,le_name_81,imr_name_81,pcod_name_81,GDPPC_name_81,cer_name_81,bmi_name_81,gdpg_name_81,ii_name_81,cpi_name_81,hioef_name_81,lr_name_81,Religions_name_81,Languages_name_81,Population_name_81
id_name_82,Country_name_82,Continent_name_82,fhs_name_82,gov_name_82,Capital_name_82,pnr_name_82,Topography_name_82,Climate_name_82,le_name_82,imr_name_82,pcod_name_82,GDPPC_name_82,cer_name_82,bmi_name_82,gdpg_name_82,ii_name_82,cpi_name_82,hioef_name_82,lr_name_82,Religions_name_82,Languages_name_82,Population_name_82
id_name_83,Country_name_83,Continent_name_83,fhs_name_83,gov_name_83,Capital_name_83,pnr_name_83,Topography_name_83,Climate_name_83,le_name_83,imr_name_83,pcod_name_83,GDPPC_name_83,cer_name_83,bmi_name_83,gdpg_name_83,ii_name_83,cpi_name_83,hioef_name_83,lr_name_83,Religions_name_83,Languages_name_83,Population_name_83
id_name_84,Country_name_84,Continent_name_84,fhs_name_84,gov_name_84,Capital_name_84,pnr_name_84,Topography_name_84,Climate_name_84,le_name_84,imr_name_84,pcod_name_84,GDPPC_name_84,cer_name_84,bmi_name_84,gdpg_name_84,ii_name_84,cpi_name_84,hioef_name_84,lr_name_84,Religions_name_84,Languages_name_84,Population_name_84
id_name_85,Country_name_85,Continent_name_85,fhs_name_85,gov_name_85,Capital_name_85,pnr_name_85,Topography_name_85,Climate_name_85,le_name_85,imr_name_85,pcod_name_85,GDPPC_name_85,cer_name_85,bmi_name_85,gdpg_name_85,ii_name_85,cpi_name_85,hioef_name_85,lr_name_85,Religions_name_85,Languages_name_85,Population_name_85
id_name_86,Country_name_86,Continent_name_86,fhs_name_86,gov_name_86,Capital_name_86,pnr_name_86,Topography_name_86,Climate_name_86,le_name_86,imr_name_86,pcod_name_86,GDPPC_name_86,cer_name_86,bmi_name_86,gdpg_name_86,ii_name_86,cpi_name_86,hioef_name_86,lr_name_86,Religions_name_86,Languages_name_86,Population_name_86
id_name_87,Country_name_87,Continent_name_87,fhs_name_87,gov_name_87,Capital_name_87,pnr_name_87,Topography_name_87,Climate_name_87,le_name_87,imr_name_87,pcod_name_87,GDPPC_name_87,cer_name_87,bmi_name_87,gdpg_name_87,ii_name_87,cpi_name_87,hioef_name_87,lr_name_87,Religions_name_87,Languages_name_87,Population_name_87
id_name_88,Country_name_88,Continent_name_88,fhs_name_88,gov_name_88,Capital_name_88,pnr_name_88,Topography_name_88,Climate_name_88,le_name_88,imr_name_88,pcod_name_88,GDPPC_name_88,cer_name_88,bmi_name_88,gdpg_name_88,ii_name_88,cpi_name_88,hioef_name_88,lr_name_88,Religions_name_88,Languages_name_88,Population_name_88
id_name_89,Country_name_89,Continent_name_89,fhs_name_89,gov_name_89,Capital_name_89,pnr_name_89,Topography_name_89,Climate_name_89,le_name_89,imr_name_89,pcod_name_89,GDPPC_name_89,cer_name_89,bmi_name_89,gdpg_name_89,ii_name_89,cpi_name_89,hioef_name_89,lr_name_89,Religions_name_89,Languages_name_89,Population_name_89
id_name_90,Country_name_90,Continent_name_90,fhs_name_90,gov_name_90,Capital_name_90,pnr_name_90,Topography_name_90,Climate_name_90,le_name_90,imr_name_90,pcod_name_90,GDPPC_name_90,cer_name_90,bmi_name_90,gdpg_name_90,ii_name_90,cpi_name_90,hioef_name_90,lr_name_90,Religions_name_90,Languages_name_90,Population_name_90
id_name_91,Country_name_91,Continent_name_91,fhs_name_91,gov_name_91,Capital_name_91,pnr_name_91,Topography_name_91,Climate_name_91,le_name_91,imr_name_91,pcod_name_91,GDPPC_name_91,cer_name_91,bmi_name_91,gdpg_name_91,ii_name_91,cpi_name_91,hioef_name_91,lr_name_91,Religions_name_91,Languages_name_91,Population_name_91
id_name_92,Country_name_92,Continent_name_92,fhs_name_92,gov_name_92,Capital_name_92,pnr_name_92,Topography_name_92,Climate_name_92,le_name_92,imr_name_92,pcod_name_92,GDPPC_name_92,cer_name_92,bmi_name_92,gdpg_name_92,ii_name_92,cpi_name_92,hioef_name_92,lr_name_92,Religions_name_92,Languages_name_92,Population_name_92
id_name_93,Country_name_93,Continent_name_93,fhs_name_93,gov_name_93,Capital_name_93,pnr_name_93,Topography_name_93,Climate_name_93,le_name_93,imr_name_93,pcod_name_93,GDPPC_name_93,cer_name_93,bmi_name_93,gdpg_name_93,ii_name_93,cpi_name_93,hioef_name_93,lr_name_93,Religions_name_93,Languages_name_93,Population_name_93
id_name_94,Country_name_94,Continent_name_94,fhs_name_94,gov_name_94,Capital_name_94,pnr_name_94,Topography_name_94,Climate_name_94,le_name_94,imr_name_94,pcod_name_94,GDPPC_name_94,cer_name_94,bmi_name_94,gdpg_name_94,ii_name_94,cpi_name_94,hioef_name_94,lr_name_94,Religions_name_94,Languages_name_94,Population_name_94
id_name_95,Country_name_95,Continent_name_95,fhs_name_95,gov_name_95,Capital_name_95,pnr_name_95,Topography_name_95,Climate_name_95,le_name_95,imr_name_95,pcod_name_95,GDPPC_name_95,cer_name_95,bmi_name_95,gdpg_name_95,ii_name_95,cpi_name_95,hioef_name_95,lr_name_95,Religions_name_95,Languages_name_95,Population_name_95
id_name_96,Country_name_96,Continent_name_96,fhs_name_96,gov_name_96,Capital_name_96,pnr_name_96,Topography_name_96,Climate_name_96,le_name_96,imr_name_96,pcod_name_96,GDPPC_name_96,cer_name_96,bmi_name_96,gdpg_name_96,ii_name_96,cpi_name_96,hioef_name_96,lr_name_96,Religions_name_96,Languages_name_96,Population_name_96
id_name_97,Country_name_97,Continent_name_97,fhs_name_97,gov_name_97,Capital_name_97,pnr_name_97,Topography_name_97,Climate_name_97,le_name_97,imr_name_97,pcod_name_97,GDPPC_name_97,cer_name_97,bmi_name_97,gdpg_name_97,ii_name_97,cpi_name_97,hioef_name_97,lr_name_97,Religions_name_97,Languages_name_97,Population_name_97
id_name_98,Country_name_98,Continent_name_98,fhs_name_98,gov_name_98,Capital_name_98,pnr_name_98,Topography_name_98,Climate_name_98,le_name_98,imr_name_98,pcod_name_98,GDPPC_name_98,cer_name_98,bmi_name_98,gdpg_name_98,ii_name_98,cpi_name_98,hioef_name_98,lr_name_98,Religions_name_98,Languages_name_98,Population_name_98
id_name_99,Country_name_99,Continent_name_99,fhs_name_99,gov_name_99,Capital_name_99,pnr_name_99,Topography_name_99,Climate_name_99,le_name_99,imr_name_99,pcod_name_99,GDPPC_name_99,cer_name_99,bmi_name_99,gdpg_name_99,ii_name_99,cpi_name_99,hioef_name_99,lr_name_99,Religions_name_99,Languages_name_99,Population_name_99
id_name_100,Country_name_100,Continent_name_100,fhs_name_100,gov_name_100,Capital_name_100,pnr_name_100,Topography_name_100,Climate_name_100,le_name_100,imr_name_100,pcod_name_100,GDPPC_name_100,cer_name_100,bmi_name_100,gdpg_name_100,ii_name_100,cpi_name_100,hioef_name_100,lr_name_100,Religions_name_100,Languages_name_100,Population_name_100
id_name_101,Country_name_101,Continent_name_101,fhs_name_101,gov_name_101,Capital_name_101,pnr_name_101,Topography_name_101,Climate_name_101,le_name_101,imr_name_101,pcod_name_101,GDPPC_name_101,cer_name_101,bmi_name_101,gdpg_name_101,ii_name_101,cpi_name_101,hioef_name_101,lr_name_101,Religions_name_101,Languages_name_101,Population_name_101
id_name_102,Country_name_102,Continent_name_102,fhs_name_102,gov_name_102,Capital_name_102,pnr_name_102,Topography_name_102,Climate_name_102,le_name_102,imr_name_102,pcod_name_102,GDPPC_name_102,cer_name_102,bmi_name_102,gdpg_name_102,ii_name_102,cpi_name_102,hioef_name_102,lr_name_102,Religions_name_102,Languages_name_102,Population_name_102
id_name_103,Country_name_103,Continent_name_103,fhs_name_103,gov_name_103,Capital_name_103,pnr_name_103,Topography_name_103,Climate_name_103,le_name_103,imr_name_103,pcod_name_103,GDPPC_name_103,cer_name_103,bmi_name_103,gdpg_name_103,ii_name_103,cpi_name_103,hioef_name_103,lr_name_103,Religions_name_103,Languages_name_103,Population_name_103
id_name_104,Country_name_104,Continent_name_104,fhs_name_104,gov_name_104,Capital_name_104,pnr_name_104,Topography_name_104,Climate_name_104,le_name_104,imr_name_104,pcod_name_104,GDPPC_name_104,cer_name_104,bmi_name_104,gdpg_name_104,ii_name_104,cpi_name_104,hioef_name_104,lr_name_104,Religions_name_104,Languages_name_104,Population_name_104
id_name_105,Country_name_105,Continent_name_105,fhs_name_105,gov_name_105,Capital_name_105,pnr_name_105,Topography_name_105,Climate_name_105,le_name_105,imr_name_105,pcod_name_105,GDPPC_name_105,cer_name_105,bmi_name_105,gdpg_name_105,ii_name_105,cpi_name_105,hioef_name_105,lr_name_105,Religions_name_105,Languages_name_105,Population_name_105
id_name_106,Country_name_106,Continent_name_106,fhs_name_106,gov_name_106,Capital_name_106,pnr_name_106,Topography_name_106,Climate_name_106,le_name_106,imr_name_106,pcod_name_106,GDPPC_name_106,cer_name_106,bmi_name_106,gdpg_name_106,ii_name_106,cpi_name_106,hioef_name_106,lr_name_106,Religions_name_106,Languages_name_106,Population_name_106
id_name_107,Country_name_107,Continent_name_107,fhs_name_107,gov_name_107,Capital_name_107,pnr_name_107,Topography_name_107,Climate_name_107,le_name_107,imr_name_107,pcod_name_107,GDPPC_name_107,cer_name_107,bmi_name_107,gdpg_name_107,ii_name_107,cpi_name_107,hioef_name_107,lr_name_107,Religions_name_107,Languages_name_107,Population_name_107
id_name_108,Country_name_108,Continent_name_108,fhs_name_108,gov_name_108,Capital_name_108,pnr_name_108,Topography_name_108,Climate_name_108,le_name_108,imr_name_108,pcod_name_108,GDPPC_name_108,cer_name_108,bmi_name_108,gdpg_name_108,ii_name_108,cpi_name_108,hioef_name_108,lr_name_108,Religions_name_108,Languages_name_108,Population_name_108
id_name_109,Country_name_109,Continent_name_109,fhs_name_109,gov_name_109,Capital_name_109,pnr_name_109,Topography_name_109,Climate_name_109,le_name_109,imr_name_109,pcod_name_109,GDPPC_name_109,cer_name_109,bmi_name_109,gdpg_name_109,ii_name_109,cpi_name_109,hioef_name_109,lr_name_109,Religions_name_109,Languages_name_109,Population_name_109
id_name_110,Country_name_110,Continent_name_110,fhs_name_110,gov_name_110,Capital_name_110,pnr_name_110,Topography_name_110,Climate_name_110,le_name_110,imr_name_110,pcod_name_110,GDPPC_name_110,cer_name_110,bmi_name_110,gdpg_name_110,ii_name_110,cpi_name_110,hioef_name_110,lr_name_110,Religions_name_110,Languages_name_110,Population_name_110
id_name_111,Country_name_111,Continent_name_111,fhs_name_111,gov_name_111,Capital_name_111,pnr_name_111,Topography_name_111,Climate_name_111,le_name_111,imr_name_111,pcod_name_111,GDPPC_name_111,cer_name_111,bmi_name_111,gdpg_name_111,ii_name_111,cpi_name_111,hioef_name_111,lr_name_111,Religions_name_111,Languages_name_111,Population_name_111
id_name_112,Country_name_112,Continent_name_112,fhs_name_112,gov_name_112,Capital_name_112,pnr_name_112,Topography_name_112,Climate_name_112,le_name_112,imr_name_112,pcod_name_112,GDPPC_name_112,cer_name_112,bmi_name_112,gdpg_name_112,ii_name_112,cpi_name_112,hioef_name_112,lr_name_112,Religions_name_112,Languages_name_112,Population_name_112
id_name_113,Country_name_113,Continent_name_113,fhs_name_113,gov_name_113,Capital_name_113,pnr_name_113,Topography_name_113,Climate_name_113,le_name_113,imr_name_113,pcod_name_113,GDPPC_name_113,cer_name_113,bmi_name_113,gdpg_name_113,ii_name_113,cpi_name_113,hioef_name_113,lr_name_113,Religions_name_113,Languages_name_113,Population_name_113
id_name_114,Country_name_114,Continent_name_114,fhs_name_114,gov_name_114,Capital_name_114,pnr_name_114,Topography_name_114,Climate_name_114,le_name_114,imr_name_114,pcod_name_114,GDPPC_name_114,cer_name_114,bmi_name_114,gdpg_name_114,ii_name_114,cpi_name_114,hioef_name_114,lr_name_114,Religions_name_114,Languages_name_114,Population_name_114
id_name_115,Country_name_115,Continent_name_115,fhs_name_115,gov_name_115,Capital_name_115,pnr_name_115,Topography_name_115,Climate_name_115,le_name_115,imr_name_115,pcod_name_115,GDPPC_name_115,cer_name_115,bmi_name_115,gdpg_name_115,ii_name_115,cpi_name_115,hioef_name_115,lr_name_115,Religions_name_115,Languages_name_115,Population_name_115
id_name_116,Country_name_116,Continent_name_116,fhs_name_116,gov_name_116,Capital_name_116,pnr_name_116,Topography_name_116,Climate_name_116,le_name_116,imr_name_116,pcod_name_116,GDPPC_name_116,cer_name_116,bmi_name_116,gdpg_name_116,ii_name_116,cpi_name_116,hioef_name_116,lr_name_116,Religions_name_116,Languages_name_116,Population_name_116
id_name_117,Country_name_117,Continent_name_117,fhs_name_117,gov_name_117,Capital_name_117,pnr_name_117,Topography_name_117,Climate_name_117,le_name_117,imr_name_117,pcod_name_117,GDPPC_name_117,cer_name_117,bmi_name_117,gdpg_name_117,ii_name_117,cpi_name_117,hioef_name_117,lr_name_117,Religions_name_117,Languages_name_117,Population_name_117
id_name_118,Country_name_118,Continent_name_118,fhs_name_118,gov_name_118,Capital_name_118,pnr_name_118,Topography_name_118,Climate_name_118,le_name_118,imr_name_118,pcod_name_118,GDPPC_name_118,cer_name_118,bmi_name_118,gdpg_name_118,ii_name_118,cpi_name_118,hioef_name_118,lr_name_118,Religions_name_118,Languages_name_118,Population_name_118
id_name_119,Country_name_119,Continent_name_119,fhs_name_119,gov_name_119,Capital_name_119,pnr_name_119,Topography_name_119,Climate_name_119,le_name_119,imr_name_119,pcod_name_119,GDPPC_name_119,cer_name_119,bmi_name_119,gdpg_name_119,ii_name_119,cpi_name_119,hioef_name_119,lr_name_119,Religions_name_119,Languages_name_119,Population_name_119
id_name_120,Country_name_120,Continent_name_120,fhs_name_120,gov_name_120,Capital_name_120,pnr_name_120,Topography_name_120,Climate_name_120,le_name_120,imr_name_120,pcod_name_120,GDPPC_name_120,cer_name_120,bmi_name_120,gdpg_name_120,ii_name_120,cpi_name_120,hioef_name_120,lr_name_120,Religions_name_120,Languages_name_120,Population_name_120
id_name_121,Country_name_121,Continent_name_121,fhs_name_121,gov_name_121,Capital_name_121,pnr_name_121,Topography_name_121,Climate_name_121,le_name_121,imr_name_121,pcod_name_121,GDPPC_name_121,cer_name_121,bmi_name_121,gdpg_name_121,ii_name_121,cpi_name_121,hioef_name_121,lr_name_121,Religions_name_121,Languages_name_121,Population_name_121
id_name_122,Country_name_122,Continent_name_122,fhs_name_122,gov_name_122,Capital_name_122,pnr_name_122,Topography_name_122,Climate_name_122,le_name_122,imr_name_122,pcod_name_122,GDPPC_name_122,cer_name_122,bmi_name_122,gdpg_name_122,ii_name_122,cpi_name_122,hioef_name_122,lr_name_122,Religions_name_122,Languages_name_122,Population_name_122
id_name_123,Country_name_123,Continent_name_123,fhs_name_123,gov_name_123,Capital_name_123,pnr_name_123,Topography_name_123,Climate_name_123,le_name_123,imr_name_123,pcod_name_123,GDPPC_name_123,cer_name_123,bmi_name_123,gdpg_name_123,ii_name_123,cpi_name_123,hioef_name_123,lr_name_123,Religions_name_123,Languages_name_123,Population_name_123
id_name_124,Country_name_124,Continent_name_124,fhs_name_124,gov_name_124,Capital_name_124,pnr_name_124,Topography_name_124,Climate_name_124,le_name_124,imr_name_124,pcod_name_124,GDPPC_name_124,cer_name_124,bmi_name_124,gdpg_name_124,ii_name_124,cpi_name_124,hioef_name_124,lr_name_124,Religions_name_124,Languages_name_124,Population_name_124
id_name_125,Country_name_125,Continent_name_125,fhs_name_125,gov_name_125,Capital_name_125,pnr_name_125,Topography_name_125,Climate_name_125,le_name_125,imr_name_125,pcod_name_125,GDPPC_name_125,cer_name_125,bmi_name_125,gdpg_name_125,ii_name_125,cpi_name_125,hioef_name_125,lr_name_125,Religions_name_125,Languages_name_125,Population_name_125
id_name_126,Country_name_126,Continent_name_126,fhs_name_126,gov_name_126,Capital_name_126,pnr_name_126,Topography_name_126,Climate_name_126,le_name_126,imr_name_126,pcod_name_126,GDPPC_name_126,cer_name_126,bmi_name_126,gdpg_name_126,ii_name_126,cpi_name_126,hioef_name_126,lr_name_126,Religions_name_126,Languages_name_126,Population_name_126